dv5427867543837984563	2880
dv1170305599488759941	537
dv4729979968464332619	625
dv6051885046457452515	597
dv703923666183199099	6844
dv2749984554386216686	16123
dv4282353230990297221	568
dv3630221187348916140	591
dv4563211478171300595	548
dv8189030734718357236	581
dv1024737353502898863	1714
dv1764648072390399174	580
dv1139388550699828831	539
dv204881513864991529	1185
dv6923429140032078811	563
dv7088656808476331799	551
dv3072510015256582086	578
dv2189557014408384689	1458
dv6151561204364835385	1151
dv5750068985281729193	1684
dv1734170372606795415	540
dv1122113528215980802	15200
dv3684940228720757254	5337
dv2808484918557459499	577
dv2525864157926744481	1751
dv1311949647153057420	552
dv3168786987478373608	1696
dv6695808835511045474	568
dv4015656277188795655	528
dv8935830798158012291	1123
dv1750762749996420681	2342
dv1655246349700994814	599
dv704100205975504063	611
dv8149636766233255852	1215
dv5927091525306191314	3434
dv6210752001951491490	600
dv2201450845169580459	5346
dv576219769516329215	267
dv1791387406508019069	4170
dv4536190201670405153	1748
dv4072070895640905342	1670
dv8095471240152875379	601
dv282941122103280530	546
dv392107905182713918	2291
dv5136617428786795958	2897
dv2271223542297890393	600
dv2670357188212868419	2208
dv3863425060284857818	1173
dv6606921198634253165	592
dv893063909577635769	3441
dv561867753857964406	4606
dv5635981496891858516	567
dv1873322496109326804	557
dv377180668669115657	1719
dv7846144836673568025	577
dv7643334863314714049	566
dv813601477172018559	1738
dv3082676227973084290	568
dv3136360339299108168	5567
dv1729855098661724094	11076
dv704194689487197654	571
dv2016588118391723314	1737
dv5556417989723592020	6863
dv3451072526135160606	549
dv8814750741146166882	5208
dv7227359787428947920	555
dv5768401297597063513	605
dv7440396276316837495	584
dv4971293011582490105	5208
dv8423826216589781977	592
dv1855232474809683017	9179
dv6215334130099708819	560
dv8360261247837535036	2870
dv6200448210290051399	1158
dv4086916972309543523	618
dv3607914360124013275	1191
dv4133634293536865640	1217
dv214475860253206786	565
dv8105443918742058948	3987
dv4065538645199426853	14477
dv3768410397672244159	5847
dv7104638163887535377	2955
dv7804152409433218080	1148
dv8374474408192355373	576
dv3436457599732140269	580
dv4882450155438312113	560
dv8822748766393542089	2302
dv7717759509455561720	21345
dv3150269145815756044	568
dv990999900209137424	577
dv4388851749752706063	582
dv5677159028629855603	1165
dv2281168069915428873	1179
dv157492816582421463	556
dv8567202036927256491	1734
dv2999002519950028158	1178
dv8870978262611217313	577
dv1707931681650763536	1141
dv897854562912106784	1708
dv6985709901532612712	1178
dv6720215558573450552	24572
dv6327544300943481378	579
dv6614141049628033179	556
dv66230807911888955	1735
dv3442830338721240616	1696
dv1631618326530976625	543
dv5062497702843195028	1193
dv2739029019396343680	582
dv4917990103517345152	2289
dv9075622787641244152	593
dv7702751740479862581	1141
dv8663577597430908799	1161
dv1119598413422874070	561
dv284320683610692094	1732
dv2807967237031352671	569
dv8035384748993080922	582
dv6264676887944575978	3526
dv3995467177588848930	544
dv8020638600613600750	603
dv761182374593876533	524
dv1874438491923440199	310
dv4842704424978546271	1206
dv6247740252961167314	569
dv6584675439442030029	560
dv4595247247960492441	611
dv5697183457555925143	548
dv365517232272123891	546
dv3995033536660588831	12661
dv4727615498326877384	1135
dv3351691232285425874	3453
dv4372020157019363095	610
dv4865804391296991450	1709
dv2632390263097821173	4153
dv1023400242436957901	1160
dv13884327453148228	573
dv4126705951952150194	6888
dv4290426758745343744	1801
dv4397878749495413489	2732
dv3924589256690617197	577
dv3925405731816006695	588
dv7216705580839443991	557
dv8656916373872956920	592
dv4504923770872542881	4499
dv5847923790586003968	1193
dv4825809017880181915	1173
dv2383473751677697401	568
dv6117699708174636555	1191
dv2773508620251750388	1729
dv2816550695674037169	1110
dv1303790936218054744	533
dv2239276073402944995	536
dv3621373262890553516	512
dv600549014876024094	582
dv3023960145792672302	1094
dv149924900137606574	605
dv5160271269381004151	2784
dv3073294728756271675	569
dv386136252814305256	528
dv6693818767118941266	3455
dv5359874440418909401	611
dv569486543265783852	568
dv8623436081976363235	577
dv975936540278836545	3493
dv7809236342276704738	558
dv5810202613942349291	1085
dv7028970140347995886	599
dv2418162190137101059	557
dv4727985833780439029	622
dv7495961862837815717	577
dv7761486484838059651	615
dv3072992835465502768	599
dv3476521883896589105	594
dv2092377149796165102	565
dv4559818060372124317	594
dv7875061576978081618	590
dv3593168470676073637	1728
dv1538121643849145004	285
dv867238390377571536	1742
dv8991009087176759603	560
dv566613923345139522	4081
dv7723634362528639641	1764
dv3616027711667620365	1661
dv3403543540278583670	570
dv8374035793012105797	549
dv2857481652184055781	1158
dv4517988432695913569	564
dv1231439113133219181	608
dv8581021999474251760	1198
dv1385755672598751072	562
dv2922011316223431927	611
dv1297256234581747162	1135
dv5157665704281224638	1161
dv5663551780705777268	566
dv6356315063590313125	566
dv6887904533844133867	1751
dv5232113536433723482	302
dv3823892439372323229	565
dv1514501468197295345	1745
dv2441266884726269869	2800
dv8310343137982638234	594
dv5011961117382552387	579
dv5613283373984761137	574
dv7262000069493709722	587
dv812967736735299526	2854
dv8006823611504056889	1769
dv6105661480389888459	1778
dv7335041881373699630	1154
dv5876502215857821558	1119
dv4549643054649476152	1186
dv3885727984944399871	2843
dv3240635903740468882	3433
dv6718958859923450672	2009
dv4277277344323956268	538
dv2489251719406018310	1696
dv3204785116531400779	582
dv714535563071997891	549
dv3148975285386520748	602
dv2619940214945241879	542
dv1189590690723932862	526
dv3391592969543968690	2263
dv7634046397623471203	1084
dv679757767723252168	272
dv861859986022611600	2303
dv8088851114663173775	552
dv9013925652478005606	580
dv6659321302861483402	1164
dv8305995648548015437	1185
dv5872210127468126135	2307
dv6205164690241677858	585
dv703128081270860545	1156
dv8690348918869499063	581
dv5247435965345033877	1657
dv1407862476235980935	2326
dv1112795508858211377	1739
dv8432446455201681102	2938
dv6605200428570079645	587
dv7931803083480413689	1700
dv3725009435298275181	1768
dv5001849373585732808	564
dv7720405577213623305	573
dv2906415748602197142	586
dv5450053545666942199	552
dv6404390423920549463	630
dv5856370173659452618	1689
dv4997348337062299293	591
dv3310649919011812584	5142
dv8604152708413781984	1186
dv6570856847415391136	1155
dv8815634075234580251	537
dv3363338490764771669	576
dv6060942794042835081	2309
dv1063533925437204439	2303
dv7426361914699106877	563
dv2952832657780087576	1703
dv9219484646457268304	545
dv1652211846763622220	1144
dv3664293289489070772	574
dv3403822468058480086	9180
dv1951745042128044879	619
dv1452562429958380184	575
dv5682634760413930494	573
dv9111932115069229923	3506
dv1484188106815922400	11655
dv5986526990953023061	516
dv8510140368064750618	597
dv4120383702978858045	22580
dv2027000511530103191	606
dv1978677114707082553	593
dv6898935162873407831	571
dv8075286555243235445	596
dv7260273305816034962	562
dv1310738190601898715	1203
dv4946598137030278244	602
dv4309113938355570530	2945
dv6108067470356322089	2846
dv4300257446034917124	2810
dv6442612045672162311	604
dv4316095233473709408	650
dv291253047620505481	563
dv5221585168985865465	563
dv5806252789127026491	1162
dv2790795262738722791	586
dv546983115982878759	2268
dv483229892406836163	600
dv1683527668880273121	575
dv6110417753412499828	578
dv3171621284031332809	5307
dv5900963013901179876	587
dv1169050835597012923	3455
dv8908272593991316074	597
dv4027475232237674284	1734
dv5533478286367426565	4078
dv2516020064237084286	564
dv8567163758714755646	1203
dv5494762994706774294	596
dv3821942891915595344	1648
dv9124577602557321518	2843
dv6047945447747184938	566
dv8181441090227112941	13198
dv8689447535757201871	567
dv7196371174003199621	600
dv8565202959343444283	566
dv5729057849937116999	1065
dv2728019725261624551	567
dv1540519404390513182	571
dv5869709833173548474	3513
dv6995604438061295749	3462
dv6085499196992941540	515
dv5815130597012908607	596
dv5942143748312863754	11048
dv5998616693766589985	564
dv6711440042066189448	3496
dv7362807233454418477	640
dv7041800874694427437	574
dv6232269734540084972	558
dv3172269903191183883	3573
dv677481565153282733	2882
dv3598407613005891737	4633
dv580610587724372037	581
dv8620326464761350254	547
dv4815186566242861747	602
dv2568098496275429916	1794
dv8913388021121522252	561
dv2709920547409947238	584
dv4209895615222730375	3942
dv4960728568601931050	550
dv8848087646919314330	567
dv8929237139888022785	561
dv519891343385448921	1130
dv2211411137083165876	3445
dv614939504123728844	607
dv3383511528637840602	596
dv5409003958561056065	569
dv675607393533857881	566
dv4478997297558215927	561
dv8096594802602067873	1704
dv9193997107719590752	540
dv5939762242679259664	565
dv5338911468258289006	584
dv1851256830250816423	557
dv7099674740709000274	1695
dv1687317850857573806	1799
dv5304122841864927581	584
dv645947358927982924	572
dv6782449463465354296	1153
dv3213527942685700326	566
dv1284836032024931650	1172
dv476233044274515166	4114
dv8130290139531128023	590
dv9022732241437099052	564
dv578504377749834945	1096
dv7543453776067244505	550
dv620922568812236083	596
dv5725908342291054217	1213
dv1692255151096579624	589
dv8802140165633904806	578
dv8022804364082473571	559
dv3796881280301406560	1135
dv7214634507162140515	592
dv5185543099359105025	583
dv3672100402983146709	2306
dv3335014680196560313	15050
dv6141779000035850518	1118
dv3719899746993476500	586
dv5578531646457870481	1141
dv81402338424457578	1741
dv6799502945053248261	1692
dv5508168814832696022	594
dv2288155995757041920	585
dv1250447920409408122	592
dv3916522974608952241	592
dv2973389564289449694	3399
dv5452581645357914066	590
dv8842909201619769366	2309
dv7485903978614237374	3485
dv4950538065031975403	1739
dv8911556753681263985	565
dv749594898351233512	593
dv683673308133416320	578
dv4201354940169576322	581
dv5734497817731629771	1732
dv6052462774666608998	558
dv8439898323637660936	593
dv8298015217016306706	1723
dv8803552135906823777	1784
dv2165702872706944488	601
dv6023846190100094931	2307
dv6594223716701064562	1127
dv7996712689125671367	2289
dv6985269325107434687	1699
dv5532384610299967717	603
dv1799850023009010077	598
dv88781134427790900	1778
dv848579449483622759	3415
dv597106039656871184	14101
dv3504219071350146369	552
dv6898017660886135590	601
dv4851042459314122863	591
dv5142508853780589989	609
dv1164512649249872103	1721
dv6061990371138450395	3460
dv1248682961120883836	581
dv2180490204875950441	579
dv1923881722965675434	566
dv1924559703273143534	4992
dv6707885555671644003	3453
dv854147746233909963	2872
dv5856040869726150173	2352
dv4451461935891431656	581
dv5806578295327930760	510
dv1876653414087848482	589
dv1562940928378346370	523
dv7840712248894740151	3433
dv8881297594301356062	589
dv9076708735135788085	570
dv1279348580529581327	551
dv2695941821617147780	578
dv8854700182267055307	579
dv2090405963459520376	8629
dv7235632608833943101	579
dv8616740585823637686	2885
dv6296390898254171811	568
dv7492819474360073303	563
dv3007045705433351756	558
dv5617089222271949869	572
dv778023342114036251	622
dv3473890922615869287	594
dv109779558109455415	555
dv1453946011321897239	2271
dv1657927001919633071	1159
dv2793635825307779575	1729
dv8628934348484971836	579
dv5819298601129306715	1131
dv4066417242288992818	599
dv8343518585465882434	565
dv1921090996786139283	1140
dv1702848190001452064	1137
dv5120264823294418573	606
dv571827679486760587	625
dv8561060304834114607	1158
dv7831976587163212988	6291
dv987979968453940356	5770
dv8646701208729345848	1175
dv2137525097952813068	2292
dv696045889373591723	1136
dv5147115627521123005	1121
dv642763870433009416	596
dv8663596644719071733	591
dv41042894312098615	583
dv7181281802433182604	613
dv5851786053183854493	1196
dv4083353344734268575	1772
dv7039861144985412630	579
dv5710284011366802748	595
dv2437250726837145458	585
dv1750413117851682374	617
dv4275868613794280001	605
dv7434519859965167630	557
dv5773250536619530623	580
dv4348587304517602387	599
dv7900712500286873766	13832
dv5123998705371708908	555
dv1419495485316083425	6867
dv422040384066205179	573
dv8695301786574945184	1229
dv1198771279742563370	628
dv6419882377258743505	596
dv3991691286017573792	596
dv7296020858747904285	1138
dv4404851408659427084	4072
dv248805633826924833	2932
dv3714929572517135532	602
dv1993189389357632935	3561
dv1581096526079989300	599
dv1685673738854853049	609
dv6860548279698508497	3964
dv5471140094382325001	1184
dv967304814067068483	2913
dv2725770603785220621	575
dv2716203340959538363	2295
dv6903367969296933308	4009
dv6735032521373277255	581
dv6664587385711902468	544
dv7259505641905846563	2282
dv1465974709757741015	575
dv5595381330093226032	582
dv5259139892037805783	579
dv4469511101871596953	557
dv6818840967013472905	1107
dv4208315277124211114	1744
dv868211491623699666	1129
dv2721249033732995796	580
dv1441280927347252611	557
dv1647753504627366989	598
dv4394105027278430270	2849
dv7134196734652617448	529
dv5742581400551742663	543
dv1488384657580973173	557
dv4812361841371796012	565
dv686907877002940593	539
dv8059632590690635389	1106
dv311298866976086068	1779
dv1871296570070780612	1089
dv3248718249234557499	2309
dv6321586602422826621	2845
dv2013986459035646314	599
dv5743488423788507640	6911
dv8643400341382609429	536
dv2591495708398862075	592
dv7892375829800925757	547
dv6867001858419380358	548
dv1184220149362306330	2822
dv5723728446105861207	575
dv9172849853196445857	529
dv8404166900033653090	603
dv8750394109176611824	584
dv8176420877082864169	615
dv5397871570669615194	618
dv4650071967802957097	1173
dv3436799052094938164	1666
dv1543947744379993746	280
dv7401614884427160660	628
dv1998932874101076989	1124
dv3840902780229016846	1147
dv3661092897885742960	2236
dv7006292328532770637	576
dv8956291778322757176	1113
dv2983779340405756860	2892
dv6496571608020951156	573
dv5010759959687417026	1150
dv7014097485207885740	594
dv6046026898990194962	3488
dv4575676666758388860	598
dv758566663881643276	1244
dv3563392526733817870	550
dv5661412938762110925	1753
dv44651214975259357	514
dv2061307679673336938	1124
dv5039812727753882276	10584
dv9191154678837180330	559
dv7562595799167325385	619
dv2818961777189573047	5878
dv1086143797341674464	637
dv4739032788129979403	1161
dv9001389023990473417	1701
dv735538485864763834	530
dv6454748695454625806	4101
dv5082026453378937820	614
dv1950029959845785531	607
dv5854259024242921177	581
dv7756847569029344557	3429
dv3644920639282576709	1195
dv5123235356805461193	1132
dv8689546989367209221	1788
dv7934097178950047295	1136
dv8243344917396035333	575
dv6417429535691335758	2270
dv5769370650469652307	563
dv2917722592548632645	5201
dv3737643559866107260	1158
dv3552009278792466201	597
dv5878256832682973690	551
dv3048272746530719135	605
dv1764901824619212574	1145
dv2520319700893661450	2239
dv5971408543926079499	545
dv3793090105747998473	542
dv2571300184281759651	5145
dv37357623128818801	1152
dv2055329517124654269	2279
dv3958076559094860234	559
dv1147585270241012760	1148
dv2352949532053719821	627
dv6450595733444806744	584
dv3864917877115489860	550
dv7147078115521496368	3356
dv6966931579136252647	570
dv8650479011859230930	579
dv2418415399557140292	2344
dv8452103580451948926	610
dv1479316240213629897	575
dv5690382169666648129	10878
dv1617919488749612970	581
dv7806695298015946718	1810
dv7950462172855895332	4593
dv3312127165003661379	5174
dv664723033422440559	585
dv5300671962630001827	539
dv797776974251177469	1148
dv2895203184963837231	5220
dv4367318657960786869	2357
dv119509797294751489	1694
dv4580340319194929557	582
dv1523106824801246605	1122
dv4967881447232229287	2898
dv5159430209187992175	588
dv2616442984905406605	585
dv6167838450326526249	574
dv6648824138147379862	595
dv4865434617942454105	555
dv1405113891596080333	1766
dv8716141339111884843	557
dv1291589776075625248	572
dv4144090982526696322	296
dv6325804317233806005	14321
dv7717743547293705018	4047
dv7086044639897408744	600
dv106295842096620558	806
dv1096305956911966202	574
dv815223803692261150	576
dv6194559166106817908	2305
dv2491605547032612353	566
dv4226718127863313427	573
dv5664572944913472367	1673
dv2991736864158000271	1205
dv8196490810884614613	292
dv6116347333514718290	597
dv240226242082574693	563
dv4251515643734350026	2206
dv6333716311648009406	4025
dv4213125609744326936	1160
dv3789494751542741738	1696
dv2958591944924972834	1669
dv850908706198829649	1138
dv594856912974251852	582
dv2793542895698160860	2899
dv7474739248141442814	2256
dv8770648914090463111	1159
dv3685025981806372661	1144
dv7531211290913064159	1730
dv4008090452896713374	561
dv883023053726291825	1735
dv7930759073072088558	594
dv6545478536334181694	1773
dv6520054929096962550	558
dv5424444045631496679	555
dv2064230195075878219	1726
dv1709274288377988197	555
dv1476918345456192453	578
dv8034853123479338267	565
dv199827038075769285	3490
dv538094329562996171	582
dv6647627149711164434	581
dv3727904950687041588	617
dv8945114069008054750	1723
dv6506017297871926067	2898
dv101687176212707872	549
dv9204138997892523164	570
dv2657409236026919972	605
dv5013758136601784451	6386
dv5962011118363269699	548
dv441197277552815803	630
dv1805911247387111851	600
dv3371229913744151480	1770
dv7367468276768311071	585
dv7812742843848912793	538
dv1646913196362018756	634
dv2193675079592144246	4704
dv1392501931646734517	570
dv4784238429389299380	611
dv3697082639043020351	1714
dv3583846469291963810	3961
dv8695479701315304473	567
dv1670781447984864709	2354
dv5815685000435322894	1200
dv2825733284324052975	615
dv7227703378934530150	1203
dv3596612376271864864	9194
dv697445886651949136	2807
dv9032175771921679422	1191
dv3181511304751512084	11472
dv2575387283694046215	1784
dv972000718659672121	1125
dv5701629143226246777	603
dv2637539728118050653	603
dv8659582366038173209	18434
dv8859805344451750302	586
dv2331230897845459978	3415
dv8945817142896179377	2967
dv8678400535127283919	7390
dv8776603913050047896	1709
dv5052627936575244526	567
dv6751885621206716048	549
dv7796053524468007381	628
dv5915562456902930785	559
dv3456435417175118741	2371
dv2937395004465316836	510
dv8298983915806000778	560
dv7169655496483823676	575
dv8381378955607840714	3983
dv3331403582599795662	554
dv0	1115
dv2750495439792480879	594
dv9046419804607081647	1171
dv6109263358534105817	540
dv7747087616999238755	542
dv8846122793077769685	1142
dv5642012662521175735	1106
dv5747823026209279721	1146
dv2656929447941486774	648
dv6424311043059251178	611
dv4900278608914318827	593
dv9110185455256110258	586
dv8827689936568521704	1159
dv4407019100898039382	600
dv4517965295229316004	9748
dv1466362841543510524	1115
dv3177606828906408975	2817
dv1971006487272107076	600
dv8071190896145233692	558
dv7890926029790395219	576
dv7075268891070998503	552
dv2501546293484757966	1752
dv2920092120161419232	2372
dv681279019362619785	1171
dv6696187016636584002	525
dv3663036527283184324	583
dv3254957995907056982	545
dv4627066029626212166	574
dv7232166321613852265	2327
dv4650197560238943167	11451
dv6502882132132588429	578
dv4953233276220825059	1734
dv2269392240301373352	1710
dv6637937709978180520	610
dv133756631018879063	1140
dv2426860679094482727	2321
dv3060230512899960337	586
dv5318378742441120475	568
dv949112283132624882	1123
dv7422377358710612145	582
dv2572642182192418290	589
dv4727429679781322564	586
dv819961468437918103	69015
dv2978557711489188170	3506
dv6706249535570982432	1163
dv7379304528891165959	1772
dv9087492483508382439	546
dv3900188748508897424	559
dv3742536103362906492	593
dv8771955563333177085	586
dv2390023967058116688	1700
dv6729760044687420591	524
dv4321063404222883649	1128
dv9142961700211085011	2315
dv7717337259188480660	1181
dv7916471433987030632	1662
dv3195785714544939385	572
dv5750395534116602408	555
dv918121159699113606	540
dv5559826914890759638	561
dv3537685044694345712	14569
dv3711310454160111786	622
dv938784833392710019	2310
dv3187181903689574337	263
dv7411328543600498598	831
dv4634129709053728168	1675
dv4470543544354513881	566
dv8844500575556679285	611
dv6230304007673065714	585
dv1911437383491435666	1677
dv931217637442028443	1137
dv8863957486513899806	1671
dv6588492103336257302	1146
dv3042384331461439584	561
dv5982261686697086222	584
dv1944559957131525093	569
dv4587354227655340757	573
dv5371261255658874192	573
dv1515652240914020126	586
dv4045208164361705380	590
dv867404333930068596	596
dv3565948258764251308	1144
dv6308588495484530746	570
dv6136430187485729076	1171
dv4435457877532696445	1719
dv3211172290893341049	571
dv100850729401239631	2285
dv285255230190164499	584
dv4450750045761848098	1772
dv8998866205158761257	564
dv3221283207749746862	561
dv8314559504040193763	2273
dv8901700294568151452	7450
dv1137017763696496831	1729
dv10813726031936827	608
dv4971443969693176696	1166
dv6464009228669322840	556
dv3162929890903817399	561
dv3366978988465182244	575
dv5959682252750241031	2906
dv3246157263267702162	3420
dv2379013075796862253	1717
dv3357821002495455609	1703
dv2222207805653292355	1247
dv155924612271082810	572
dv4664539034153930124	542
dv763612222773191605	556
dv8295595396640064636	7985
dv6930452992986323861	1765
dv7864366621880162249	2871
dv8177165561820842782	2288
dv7182432612236765554	612
dv9049138292757688796	602
dv6072065370323941189	609
dv6066168861923860221	1802
dv3446051778868063208	599
dv4332794853755383133	607
dv2065151447819911141	556
dv4243175504305378920	600
dv205344690241431691	1768
dv8946268710401874424	2246
dv891378175007525182	7001
dv1137066275009496599	580
dv8854652447583576143	556
dv8427434742840282024	1170
dv4198433786966144487	558
dv8058768529456246041	4620
dv7833126645193740819	597
dv6280379021900510966	557
dv5193669186595592216	545
dv4521068277322072559	559
dv2908454984613478474	1092
dv5373159204190072240	2251
dv3917365383230459229	1109
dv6837156512295467764	563
dv7250782609147528647	566
dv3981331694872360010	4657
dv6643783139888228639	583
dv7784367859405320272	595
dv6752714530329334988	618
dv826469738125674054	588
dv599490031360155319	1791
dv3852781647407631751	1756
dv446436596383960717	2957
dv2522590613117283606	563
dv8085514822685072503	590
dv6612032387775167514	1126
dv2582190528113803920	546
dv5145555265842620016	596
dv3061488576016613388	1735
dv9132268077553727956	3393
dv866174069440366886	575
dv3553822186198204274	605
dv6763086350292376957	4654
dv7818288600321805539	592
dv1436419557726032042	3882
dv1428708411477863921	565
dv757477456425219549	614
dv2939390229292811498	580
dv1698620089200557926	2315
dv965969313713174147	573
dv6021782794901548225	1076
dv1916741795476346444	1155
dv2892677420793885309	594
dv3230016169031374456	595
dv7303272929324389749	5880
dv4761126244563940905	1766
dv8881205954856331492	549
dv5675858976737661081	7967
dv4656384175396742823	545
dv2506237982451560102	1062
dv3922063208263310989	1772
dv6706356029299500681	3575
dv1192261624010494308	2291
dv6705261602101881031	2287
dv3578041825975448424	573
dv8039552618027103695	1067
dv5933369684106901432	1167
dv1072282008346141760	590
dv5020303767069651395	551
dv1180013754114810340	7584
dv3533571451576638948	571
dv8551368510330704853	2339
dv3416928784215949237	566
dv4934715946759539232	508
dv3319543786637316192	2865
dv3938198905227417002	1773
dv3353991868980171518	575
dv3833895071194986616	6994
dv3501578141586471537	603
dv9103861252148885243	567
dv5964848529532775929	1758
dv8271880116840053697	1676
dv8684888849152820200	550
dv1357208911560487791	3391
dv2510573535605177734	525
dv1288901380332955570	606
dv8804597413957301452	1141
dv4429367885069942125	1713
dv3667243027929432954	566
dv4894674183320820228	584
dv5661937239548865573	555
dv1381137645866485862	625
dv8806974223526908799	564
dv3799517619038605227	3425
dv8951779804110817241	1137
dv7877461755559139743	543
dv8547957553348733088	545
dv7835657838451815989	588
dv2508949390830456477	1730
dv7027227387495492264	3498
dv6351486424914476726	591
dv4804495216058395729	16164
dv3176229646834319378	1139
dv724711532818293123	1144
dv3161187268534624785	2829
dv5207096932849807511	580
dv639217275720614462	4546
dv7224626622023839813	549
dv9024303444578400522	1157
dv4682933919491872544	551
dv2811941851275198637	1748
dv3416951458725235171	565
dv6225490066252651247	2364
dv4604407145487857494	595
dv4454886949315916299	1176
dv2542669734986359417	591
dv6572197197958854665	1700
dv8065000931657844080	12534
dv8230715880825506783	585
dv8098644739001346896	1154
dv7883241193073119026	2886
dv8184749505257694705	1700
dv6617775860235713857	2939
dv9121209957224252094	596
dv9151157625442630262	584
dv435211263223403008	574
dv5968940550247718719	618
dv5869618594280829914	587
dv5124440499952107739	598
dv5177511111737492711	562
dv7113012220693868658	509
dv1012180702629456313	560
dv8593221605379172815	609
dv3673073273970399615	1229
dv764144531325191136	1460
dv5722081100457792511	1197
dv7142312414565151481	608
dv1431959512941723456	2981
dv1138876919824436681	564
dv7776123336012983127	562
dv2206550278108334545	1120
dv5066291177721884080	7548
dv5308545785456256452	593
dv3554090536966452072	13317
dv8751683468750876651	1770
dv3613911859186070168	2184
dv8452301992289016363	617
dv410192895787756159	586
dv8165477443310783288	1719
dv2651055939579063108	568
dv634471004332829680	557
dv7827455940542557164	2799
dv72186190221331960	548
dv8290254150230338061	1195
dv6348257180342376980	2236
dv7193751919847820582	647
dv4109618855007364916	534
dv5206411531620016036	612
dv6315543331188638717	1109
dv4163836045346289449	588
dv3272295744419643855	1095
dv8303412319754962691	572
dv6904346333404974415	1136
dv2767773078605192977	583
dv1086314987894568144	1110
dv599015428658924300	566
dv5339181020502402105	585
dv3038311928225885885	1172
dv7671029936574841514	589
dv7352777630749763196	548
dv3390993723735265624	5805
dv1933120272230117346	606
dv9010936165362163513	7469
dv600682657650134808	5405
dv4889025279060450018	1131
dv3788766576351891711	625
dv7014293664007712944	575
dv7702835600363658358	547
dv8660758559161521365	594
dv8599078850144424466	620
dv3427622969008366659	3989
dv1824588718339627826	2211
dv5205493977159930707	3472
dv2815568910710221727	2340
dv7382911607735316436	549
dv5789731533712597313	867
dv9141704291321995568	1946
dv1597250025339316250	2314
dv7844849994548088712	1731
dv2769046487478870259	586
dv155269789531818244	5105
dv8713860764279153015	1154
dv6261744309533216964	1140
dv4253058288118158842	556
dv6651744724737458309	1141
dv8371300411503985366	1165
dv8226615443835592606	593
dv7622920931698844725	4092
dv8594513199500592582	588
dv2510895176778997035	2900
dv3639668806033564270	590
dv1621479180319440090	571
dv4998171224015280671	605
dv2843866635322725550	14879
dv2381705586559163877	531
dv2378507626782591704	1205
dv6158576597716218500	1097
dv7766284726469949383	537
dv2954847685153167308	557
dv7496932266140892261	562
dv553847070663316239	549
dv4831051763107787295	1119
dv1389358890343491231	2323
dv2745816704899353853	541
dv5014774121547475282	539
dv4205891026946183973	583
dv1383873626375564601	592
dv797176532855481007	1151
dv2159182272411359348	3521
dv2102434820580372586	2914
dv2985091974223704568	539
dv3280971619929167295	579
dv743759855796217399	2933
dv4669396044993390604	3471
dv7142057255410796373	2929
dv4326823256278298136	2835
dv4957480408904583067	592
dv1022400815279541235	571
dv7729469844915230801	2916
dv7325639757554540733	548
dv5853535376614501592	565
dv1351123818764240044	595
dv6871891846797611442	1150
dv239723618003173338	1161
dv8696779727017470225	2830
dv4121809703968469558	1725
dv6326937578988420353	3480
dv166370033363905456	558
dv5561685424981490063	622
dv7717545988259164508	1128
dv7091126721696891643	600
dv3030017191627360621	1145
dv4582070972316514697	619
dv3309800030202519315	3445
dv4706750358696721107	584
dv5643194596180430972	1714
dv444787223882222543	1717
dv8316861528054000421	554
dv4573272688379386095	577
dv2113283284392385570	1776
dv5224765750523063763	1752
dv1089760340902120228	582
dv8346120020949360126	602
dv7705593150003527456	576
dv6211558081367659147	7277
dv4718925879629992442	1756
dv6778252743835375821	1713
dv6216322937215672900	599
dv5286202959922636299	574
dv5037906721257443467	610
dv1864563941983167858	3446
dv6622105341246258292	622
dv1828988844293334679	621
dv8233881541462558949	603
dv2486356967970471643	574
dv3923437865289229615	1189
dv3246781659593326423	556
dv9174436618215328819	1738
dv4392633593238134658	578
dv3362678216500216272	605
dv2197495709339850506	4635
dv8666503982735812877	589
dv4597911409761577042	4565
dv6671104285307609802	2357
dv921339312126332637	584
dv1253380207711198384	31893
dv1695623500758433155	599
dv8585713931743582654	567
dv245105340883651668	623
dv7549678452437928587	5676
dv5092299309106861337	2986
dv6814746609579395984	576
dv5848088748748467307	574
dv7744612125481975501	605
dv3431466784778322886	603
dv1006826841841971626	539
dv1932111993900418726	567
dv7092425771727997927	1158
dv4647034460611728347	853
dv7693063517552431881	2328
dv1507497457665747710	1175
dv5165939960569565928	586
dv774042772162485283	565
dv1162543516341141477	583
dv5255433376323991641	1107
dv5278680353166681057	23723
dv59663997871318735	2337
dv5377782707633582659	12110
dv7356759058038859328	4565
dv6211440767598814200	562
dv3037241032265070589	614
dv1067314129464525645	13296
dv2834294951366183601	1159
dv2161670863011032481	2283
dv8338865334780168818	597
dv4300174284612083763	602
dv8277072810827901799	1138
dv3194927306558320037	2322
dv8318490026725871104	559
dv1181731820518491751	4190
dv1717981994277952671	600
dv6545928965687189252	1760
dv8007818593038336140	1160
dv6951127987217853198	591
dv7134141210408128189	592
dv4437965953844443860	590
dv6409379170626219909	583
dv4224275479304359385	1141
dv9070908467330483222	543
dv7658774723021044957	2353
dv4979701970562650581	1153
dv7559275037830792027	547
dv41634754982019654	1162
dv8466467843888888654	7464
dv914707843777824449	560
dv183082331799018228	612
dv5502303063632517178	555
dv4866789392606122519	623
dv5847882614730570399	596
dv1200448792463224581	539
dv8722741379917958205	573
dv2914828744014108129	5198
dv1842922527833148457	612
dv8753725015730889211	530
dv5950978019651112804	565
dv4676780440827704666	565
dv2195957365072925778	587
dv2599034592574911967	1149
dv5853758373792880250	1684
dv33893567403015214	2956
dv1101242922548423128	562
dv229639860802723291	589
dv4161201711877396140	622
dv1029840127318529175	1119
dv6472197068492726845	613
dv2129615428009567325	576
dv8902363779331883779	4685
dv7791732870229991928	589
dv7515886717061948600	553
dv2562443514166991265	2426
dv1017289288935116598	10184
dv7787657086898767072	621
dv2333676373381352204	1197
dv1329053272437560810	569
dv913665330582143985	607
dv8355961382124145653	536
dv6422563089296761720	25801
dv4362284447943840981	2335
dv3636438898457741021	604
dv5870032615932022460	555
dv3350255817215225752	1222
dv1030483065387903393	4060
dv4227101337615216659	561
dv4958064708627307514	3466
dv5560135153571154171	14990
dv4008377162890978690	14547
dv8241684399203675250	612
dv5115861753527985571	529
dv6856835800746034805	562
dv3909717683140511961	1125
dv9128455178088867824	1744
dv6305723970873775309	1126
dv3411199063075443425	600
dv8663586744631886543	1690
dv8674946178503837176	579
dv4715226236570010179	572
dv5671794863874988513	1476
dv8926547801026194474	609
dv728015443376804130	2820
dv5660073284029875057	568
dv821537351538856198	1708
dv7969189727819919843	566
dv566719078218157570	544
dv157073613535852306	587
dv5275482559480271089	544
dv932281151774049786	621
dv8935273611890367046	3012
dv9123322017793340327	591
dv8790738640101828684	587
dv6230594811421362745	4017
dv243661889140363215	2261
dv6538978317251498757	1155
dv6229942120021162438	6391
dv4030365327050285781	14309
dv426291046164309461	551
dv4548486092490544547	1119
dv9030243799158677449	5212
dv7482626412145203719	1171
dv8852078565503761955	548
dv7443926437536042376	1728
dv6376937588415128736	1159
dv9121110960529075878	591
dv8277237162190692851	576
dv8987163021917180091	1187
dv6714148379275490865	1663
dv7256836997965090303	552
dv2897695329563509777	540
dv6474054087820616952	6352
dv8492054437793385633	587
dv1734690554803088028	595
dv6299236197659745967	862
dv24513617319752133	588
dv7769718666995512878	580
dv8986089454466735765	539
dv2364941016524949792	10459
dv3540310372992315524	541
dv7181160190844731563	575
dv7132839524266842029	572
dv6110354322160790224	1774
dv3761657138481759461	597
dv1072894322137744950	1153
dv973329397154877448	642
dv7961515689130912132	1164
dv5276547773241350310	83622
dv1338095930383494062	549
dv340272163448849105	1123
dv4498122477318674213	581
dv2419288206406886026	2227
dv8963197165653182658	550
dv8822492088683926368	1813
dv2868887443511407529	1744
dv6103240033815889665	1200
dv3605320187083021014	587
dv213863236928203695	562
dv8088649101982508727	1134
dv5223431103216282433	585
dv5255575218305344102	549
dv8460414490822029117	1759
dv2357949482801537117	1701
dv2594223334807929230	580
dv6446549209998413083	559
dv5979731744400176886	583
dv4351029955571158579	559
dv1193014956130485841	1780
dv393867806071242886	1678
dv8320610806483425527	1167
dv6775745825011211792	553
dv5899282703088373337	584
dv7204913854944381964	2832
dv9092266270788792845	606
dv4180645651860424962	585
dv5637155477392160390	583
dv8343064725137337967	584
dv4556214805181685684	560
dv1280762639661941495	5112
dv6221445966164271800	2310
dv912928521627607963	603
dv5864612009425012536	560
dv8136826357750880440	9904
dv6820970067413739186	604
dv950144818038015519	2271
dv6124017182208230563	543
dv5376543214230722592	1162
dv6449644527739795678	1730
dv8780831652792497074	2923
dv8563045797511399842	4049
dv5111603182512656640	1130
dv9056726129299541032	621
dv9158862833810213871	571
dv4599487383686941476	1161
dv1565323844983993456	8125
dv4115998493975740957	603
dv250004540655222907	1086
dv6485110707903651046	568
dv1266901602834179494	1165
dv650147892493408000	533
dv2605362196799761969	2906
dv3161080206730640599	1130
dv5648885614883022306	576
dv1036743244148055286	575
dv3134245362203404688	2331
dv7559308396575939953	578
dv2127721980645931130	1175
dv6148204354189450079	2379
dv6073723386538492049	565
dv2346431896721876045	588
dv9000449699741573994	600
dv6600731106697688994	600
dv4261546776425111400	563
dv6846265217305655238	585
dv3942468432757171914	4102
dv962206829917540413	1139
dv1733498790438935610	37046
dv3693604913616436418	1718
dv3245962901012846622	588
dv2167024510581954571	614
dv7922820088099234339	2893
dv3800192477282020445	591
dv6166877817377066533	7469
dv2377712318977989079	1653
dv3377766882900437510	4728
dv9132987735176684625	574
dv4442975031152401178	578
dv5654544218528879190	1157
dv6809625510022076624	5860
dv2998712975554182961	1167
dv3049347217864744338	8277
dv8199115257249710813	1692
dv3210638605100983723	2328
dv7044575238960086162	581
dv8899906987124315633	3499
dv8605895234917705320	592
dv329260379611082177	1661
dv5518988222358497044	596
dv8012268247172097124	1152
dv6993075352313299851	579
dv1448460601312585188	533
dv4146796820891344907	2273
dv2084210992672488645	12095
dv8858068619806422858	602
dv64131363571289398	562
dv6968681167642134526	593
dv5396418468555351761	4718
dv7342346682885419367	640
dv4508404563409430246	3444
dv6218739685676690572	2195
dv8709377705469668464	1232
dv2906393502540009132	555
dv3593779547679621877	543
dv3980879379456880373	600
dv151305745080298429	613
dv7054898356600305047	529
dv1825636082590638177	566
dv5143372888676893967	1123
dv6902927437925363002	3451
dv5011769537354258025	601
dv4263214857359538496	574
dv8633276355203472078	5699
dv7830134848144323289	545
dv294179405700599396	583
dv4373608381497761724	560
dv5480671029658254301	1709
dv5204560797181714977	622
dv1492569016683383450	564
dv8530300337953706148	542
dv4163822958802762654	589
dv4852865608928073049	572
dv5353791353469435662	571
dv8076219826836038219	1752
dv2978683345817172223	627
dv2255870657462169480	576
dv8968099511280758386	570
dv5228052821235062006	2280
dv8007500454035292512	546
dv4369860531989175937	1110
dv1389059519639365247	553
dv5608347997945897464	28702
dv8880109223367862300	536
dv6605668894817749159	520
dv6455195380129021776	1205
dv7607842436792906192	14474
dv2419389928819328428	3476
dv3638084334763947980	572
dv3949699607070093074	588
dv7462606038760795759	602
dv478682172144707871	600
dv4147248917815084972	1237
dv4370283163849693045	1747
dv8969956472048809841	1114
dv4569441490966020826	631
dv2573338860237010001	1141
dv1389331605682300845	584
dv6908886267061834816	575
dv5835368707481592651	545
dv551040907041302790	2348
dv8197316482162025844	2983
dv1599879942456435211	1197
dv2477292558276546652	521
dv2034876040598344800	594
dv2618330306898537887	594
dv5455271084901478118	7411
dv3741381839102348392	579
dv8408832133016964270	609
dv5840510939177604513	619
dv8732089594148953182	556
dv386777673732118366	588
dv8364103058253715740	1096
dv7168485453112556647	1739
dv6583203183393557746	1210
dv7354581165725349805	7326
dv5171772601647078142	6895
dv5360624677126765165	580
dv8799313963006229617	553
dv6612503797813149564	566
dv2332134313386166749	582
dv7977594124777408327	1142
dv8697976734813480855	1189
dv1598661822649937553	1674
dv2777930916325232481	612
dv4807666399668670101	575
dv601948932482428165	604
dv3455849616896367565	581
dv573593570797246910	4054
dv3050177383726534895	8760
dv1647519863322810448	537
dv120245321741541810	616
dv864855354607010495	4577
dv7189857542182093948	566
dv2477118474086709345	1124
dv2003505804751235149	544
dv8992685735502756915	1243
dv573118906939700128	602
dv4739506337954347296	611
dv6019909932788346852	567
dv5280261005173021021	625
dv3449301980730401366	593
dv875095295256512434	580
dv6115946848765533920	277
dv3533242134403198735	587
dv2000227210744278815	3558
dv2352320742120409728	1724
dv5166546457695555703	567
dv2087255869611977484	575
dv202692738838405250	569
dv2277212892885095601	1156
dv359995188646252123	586
dv8502212344909203602	1212
dv4545619634991857120	1139
dv1797960003480374139	2977
dv468824721253069847	2203
dv6490954970948520037	2063
dv7814374441438013717	545
dv9162388287333963764	1767
dv5801380964901923022	2248
dv2585846924860192199	293
dv3605025501302159599	602
dv7961993416393774296	1168
dv4331039095316379114	577
dv7578098262111278213	537
dv8428210144037691204	591
dv7930255298317202741	590
dv394992073875608085	10281
dv718524711151837703	1735
dv3557103758715111665	550
dv9011147082296857726	1128
dv3501484914047412293	589
dv8298582928804441160	603
dv7623760875083990145	606
dv486625323461471039	1721
dv5853032605496178298	1696
dv2359162385871221356	590
dv8460890159312240371	583
dv434637904011257401	3575
dv1799339827954706094	553
dv2359666424404538319	560
dv2288476791003360197	590
dv3357783904336473090	289
dv3079516752415702656	595
dv2509288701636717003	603
dv299908264466680007	1105
dv4773682701733747628	1125
dv688344766460246808	1123
dv4388026457789467352	594
dv8140250944397613859	585
dv3538726560424633769	592
dv2971079028846312932	569
dv7438289881143134021	600
dv3531259191614959665	4624
dv2176790341951408046	1165
dv1118341930160390201	4577
dv791254808007802255	554
dv3281918039814192524	519
dv282678591586669186	1168
dv4073793051129108399	302
dv8469220379680867947	600
dv5063286067720779087	2376
dv2081626911690113709	2808
dv107085090295879627	1127
dv7381219823301762909	1154
dv7235065720470421422	2889
dv1741160470047541722	2791
dv193412075446038807	1131
dv4213434739788781621	1710
dv969953950017358853	589
dv3363983700058997515	572
dv7536839806275794086	593
dv8111588388929476174	6338
dv7396067994381591898	581
dv5767786374004588795	3307
dv4541376523434318688	6859
dv9142130711669619360	9206
dv4499862651657113778	548
dv7418416730247036159	1739
dv856725752227207038	570
dv945571181075830700	550
dv4912148323154817443	1695
dv3045993964757659274	604
dv4845187125749283786	12218
dv3805181080828430892	1227
dv7572630684959331126	570
dv1953048254525837002	1645
dv4808904868947766613	3463
dv3623159004974401724	2396
dv8622403813976137023	66166
dv821885545986917056	606
dv4593332104724643688	557
dv4246777335469792937	563
dv2280208282390406412	1784
dv8790873427134266967	574
